2026-05-08,20:21:00.431272,IP,172.20.0.20.58066,>
2026-05-08,20:21:00.441455,IP,172.20.0.10.5001,>
2026-05-08,20:21:00.441638,IP,172.20.0.20.58066,>
2026-05-08,20:21:00.442382,IP,172.20.0.20.58066,>
2026-05-08,20:21:00.442761,IP,172.20.0.20.58066,>
2026-05-08,20:21:00.443246,IP,172.20.0.20.58066,>
2026-05-08,20:21:00.443328,IP,172.20.0.20.58066,>
2026-05-08,20:21:00.443539,IP,172.20.0.20.58066,>
2026-05-08,20:21:00.443573,IP,172.20.0.20.58066,>
2026-05-08,20:21:00.443760,IP,172.20.0.20.58066,>
2026-05-08,20:21:00.452471,IP,172.20.0.10.5001,>
2026-05-08,20:21:00.452560,IP,172.20.0.20.58066,>
2026-05-08,20:21:00.452829,IP,172.20.0.10.5001,>
2026-05-08,20:21:00.452886,IP,172.20.0.20.58066,>
2026-05-08,20:21:00.452892,IP,172.20.0.20.58066,>
2026-05-08,20:21:00.453357,IP,172.20.0.10.5001,>
2026-05-08,20:21:00.453365,IP,172.20.0.10.5001,>
2026-05-08,20:21:00.453450,IP,172.20.0.20.58066,>
2026-05-08,20:21:00.453456,IP,172.20.0.20.58066,>
2026-05-08,20:21:00.453545,IP,172.20.0.20.58066,>
2026-05-08,20:21:00.453580,IP,172.20.0.10.5001,>
2026-05-08,20:21:00.453627,IP,172.20.0.20.58066,>
2026-05-08,20:21:00.453649,IP,172.20.0.10.5001,>
2026-05-08,20:21:00.453684,IP,172.20.0.20.58066,>
2026-05-08,20:21:00.453794,IP,172.20.0.10.5001,>
2026-05-08,20:21:00.453850,IP,172.20.0.20.58066,>
2026-05-08,20:21:00.462665,IP,172.20.0.10.5001,>
2026-05-08,20:21:00.462763,IP,172.20.0.20.58066,>
2026-05-08,20:21:00.462986,IP,172.20.0.10.5001,>
2026-05-08,20:21:00.462995,IP,172.20.0.10.5001,>
2026-05-08,20:21:00.463118,IP,172.20.0.20.58066,>
2026-05-08,20:21:00.463128,IP,172.20.0.20.58066,>
2026-05-08,20:21:00.463504,IP,172.20.0.10.5001,>
2026-05-08,20:21:00.463524,IP,172.20.0.10.5001,>
2026-05-08,20:21:00.463587,IP,172.20.0.10.5001,>
2026-05-08,20:21:00.463626,IP,172.20.0.20.58066,>
2026-05-08,20:21:00.463666,IP,172.20.0.10.5001,>
2026-05-08,20:21:00.463731,IP,172.20.0.20.58066,>
2026-05-08,20:21:00.463761,IP,172.20.0.10.5001,>
2026-05-08,20:21:00.463818,IP,172.20.0.20.58066,>
2026-05-08,20:21:00.463863,IP,172.20.0.20.58066,>
2026-05-08,20:21:00.463916,IP,172.20.0.10.5001,>
2026-05-08,20:21:00.464000,IP,172.20.0.20.58066,>
2026-05-08,20:21:00.464055,IP,172.20.0.20.58066,>
2026-05-08,20:21:00.472899,IP,172.20.0.10.5001,>
2026-05-08,20:21:00.473007,IP,172.20.0.20.58066,>
2026-05-08,20:21:00.473209,IP,172.20.0.10.5001,>
2026-05-08,20:21:00.473279,IP,172.20.0.20.58066,>
2026-05-08,20:21:00.473309,IP,172.20.0.10.5001,>
2026-05-08,20:21:00.473356,IP,172.20.0.20.58066,>
2026-05-08,20:21:00.473682,IP,172.20.0.10.5001,>
2026-05-08,20:21:00.473748,IP,172.20.0.20.58066,>
2026-05-08,20:21:00.473822,IP,172.20.0.10.5001,>
2026-05-08,20:21:00.473909,IP,172.20.0.20.58066,>
2026-05-08,20:21:00.473941,IP,172.20.0.10.5001,>
2026-05-08,20:21:00.473944,IP,172.20.0.10.5001,>
2026-05-08,20:21:00.473916,IP,172.20.0.20.58066,>
2026-05-08,20:21:00.474070,IP,172.20.0.20.58066,>
2026-05-08,20:21:00.474117,IP,172.20.0.10.5001,>
2026-05-08,20:21:00.474119,IP,172.20.0.10.5001,>
2026-05-08,20:21:00.474165,IP,172.20.0.20.58066,>
2026-05-08,20:21:00.474171,IP,172.20.0.20.58066,>
2026-05-08,20:21:00.474303,IP,172.20.0.20.58066,>
2026-05-08,20:21:00.483079,IP,172.20.0.10.5001,>
2026-05-08,20:21:00.483156,IP,172.20.0.20.58066,>
2026-05-08,20:21:00.483345,IP,172.20.0.10.5001,>
2026-05-08,20:21:00.483401,IP,172.20.0.10.5001,>
2026-05-08,20:21:00.483460,IP,172.20.0.20.58066,>
2026-05-08,20:21:00.483840,IP,172.20.0.10.5001,>
2026-05-08,20:21:00.483917,IP,172.20.0.20.58066,>
2026-05-08,20:21:00.484034,IP,172.20.0.10.5001,>
2026-05-08,20:21:00.484038,IP,172.20.0.10.5001,>
2026-05-08,20:21:00.484141,IP,172.20.0.20.58066,>
2026-05-08,20:21:00.484224,IP,172.20.0.10.5001,>
2026-05-08,20:21:00.484227,IP,172.20.0.10.5001,>
2026-05-08,20:21:00.484147,IP,172.20.0.20.58066,>
2026-05-08,20:21:00.484288,IP,172.20.0.10.5001,>
2026-05-08,20:21:00.484379,IP,172.20.0.20.58066,>
2026-05-08,20:21:00.484464,IP,172.20.0.10.5001,>
2026-05-08,20:21:00.484385,IP,172.20.0.20.58066,>
2026-05-08,20:21:00.484399,IP,172.20.0.20.58066,>
2026-05-08,20:21:00.484611,IP,172.20.0.20.58066,>
2026-05-08,20:21:00.484617,IP,172.20.0.20.58066,>
2026-05-08,20:21:00.484623,IP,172.20.0.20.58066,>
2026-05-08,20:21:00.484804,IP,172.20.0.20.58066,>
2026-05-08,20:21:00.493224,IP,172.20.0.10.5001,>
2026-05-08,20:21:00.493317,IP,172.20.0.20.58066,>
2026-05-08,20:21:00.493568,IP,172.20.0.10.5001,>
2026-05-08,20:21:00.493677,IP,172.20.0.20.58066,>
2026-05-08,20:21:00.493732,IP,172.20.0.20.58066,>
2026-05-08,20:21:00.494066,IP,172.20.0.10.5001,>
2026-05-08,20:21:00.494157,IP,172.20.0.20.58066,>
2026-05-08,20:21:00.494278,IP,172.20.0.10.5001,>
2026-05-08,20:21:00.494358,IP,172.20.0.20.58066,>
2026-05-08,20:21:00.494432,IP,172.20.0.10.5001,>
2026-05-08,20:21:00.494368,IP,172.20.0.20.58066,>
2026-05-08,20:21:00.494594,IP,172.20.0.10.5001,>
2026-05-08,20:21:00.494600,IP,172.20.0.10.5001,>
2026-05-08,20:21:00.494604,IP,172.20.0.10.5001,>
2026-05-08,20:21:00.494377,IP,172.20.0.20.58066,>
2026-05-08,20:21:00.494722,IP,172.20.0.10.5001,>
2026-05-08,20:21:00.494861,IP,172.20.0.20.58066,>
2026-05-08,20:21:00.494984,IP,172.20.0.10.5001,>
2026-05-08,20:21:00.494988,IP,172.20.0.10.5001,>
2026-05-08,20:21:00.494990,IP,172.20.0.10.5001,>
2026-05-08,20:21:00.494868,IP,172.20.0.20.58066,>
2026-05-08,20:21:00.494874,IP,172.20.0.20.58066,>
2026-05-08,20:21:00.495231,IP,172.20.0.20.58066,>
2026-05-08,20:21:00.495237,IP,172.20.0.20.58066,>
2026-05-08,20:21:00.495437,IP,172.20.0.20.58066,>
2026-05-08,20:21:00.503432,IP,172.20.0.10.5001,>
2026-05-08,20:21:00.503504,IP,172.20.0.20.58066,>
2026-05-08,20:21:00.503798,IP,172.20.0.10.5001,>
2026-05-08,20:21:00.503928,IP,172.20.0.10.5001,>
2026-05-08,20:21:00.504038,IP,172.20.0.20.58066,>
2026-05-08,20:21:00.504290,IP,172.20.0.10.5001,>
2026-05-08,20:21:00.504351,IP,172.20.0.20.58066,>
2026-05-08,20:21:00.504451,IP,172.20.0.10.5001,>
2026-05-08,20:21:00.504611,IP,172.20.0.10.5001,>
2026-05-08,20:21:00.504670,IP,172.20.0.20.58066,>
2026-05-08,20:21:00.504805,IP,172.20.0.10.5001,>
2026-05-08,20:21:00.504843,IP,172.20.0.20.58066,>
2026-05-08,20:21:00.505003,IP,172.20.0.10.5001,>
2026-05-08,20:21:00.505072,IP,172.20.0.20.58066,>
2026-05-08,20:21:00.505094,IP,172.20.0.10.5001,>
2026-05-08,20:21:00.505187,IP,172.20.0.20.58066,>
2026-05-08,20:21:00.505267,IP,172.20.0.10.5001,>
2026-05-08,20:21:00.505327,IP,172.20.0.20.58066,>
2026-05-08,20:21:00.505343,IP,172.20.0.20.58066,>
2026-05-08,20:21:00.505514,IP,172.20.0.10.5001,>
2026-05-08,20:21:00.505519,IP,172.20.0.10.5001,>
2026-05-08,20:21:00.505533,IP,172.20.0.10.5001,>
2026-05-08,20:21:00.505600,IP,172.20.0.20.58066,>
2026-05-08,20:21:00.505673,IP,172.20.0.20.58066,>
2026-05-08,20:21:00.505605,IP,172.20.0.20.58066,>
2026-05-08,20:21:00.513564,IP,172.20.0.10.5001,>
2026-05-08,20:21:00.513609,IP,172.20.0.20.58066,>
2026-05-08,20:21:00.514150,IP,172.20.0.10.5001,>
2026-05-08,20:21:00.514464,IP,172.20.0.10.5001,>
2026-05-08,20:21:00.514529,IP,172.20.0.20.58066,>
2026-05-08,20:21:00.514636,IP,172.20.0.20.58066,>
2026-05-08,20:21:00.515106,IP,172.20.0.10.5001,>
2026-05-08,20:21:00.515175,IP,172.20.0.20.58066,>
2026-05-08,20:21:00.515180,IP,172.20.0.20.58066,>
2026-05-08,20:21:00.515777,IP,172.20.0.10.5001,>
2026-05-08,20:21:00.515784,IP,172.20.0.10.5001,>
2026-05-08,20:21:00.515867,IP,172.20.0.20.58066,>
2026-05-08,20:21:00.515940,IP,172.20.0.20.58066,>
2026-05-08,20:21:00.515871,IP,172.20.0.20.58066,>
2026-05-08,20:21:00.516030,IP,172.20.0.20.58066,>
2026-05-08,20:21:00.515876,IP,172.20.0.20.58066,>
2026-05-08,20:21:00.516125,IP,172.20.0.20.58066,>
2026-05-08,20:21:00.516210,IP,172.20.0.20.58066,>
2026-05-08,20:21:00.516301,IP,172.20.0.20.58066,>
2026-05-08,20:21:00.516375,IP,172.20.0.20.58066,>
2026-05-08,20:21:00.523663,IP,172.20.0.10.5001,>
2026-05-08,20:21:00.523736,IP,172.20.0.20.58066,>
2026-05-08,20:21:00.524867,IP,172.20.0.10.5001,>
2026-05-08,20:21:00.524930,IP,172.20.0.20.58066,>
2026-05-08,20:21:00.524935,IP,172.20.0.20.58066,>
2026-05-08,20:21:00.525451,IP,172.20.0.10.5001,>
2026-05-08,20:21:00.525510,IP,172.20.0.20.58066,>
2026-05-08,20:21:00.525515,IP,172.20.0.20.58066,>
2026-05-08,20:21:00.526007,IP,172.20.0.10.5001,>
2026-05-08,20:21:00.526014,IP,172.20.0.10.5001,>
2026-05-08,20:21:00.526148,IP,172.20.0.10.5001,>
2026-05-08,20:21:00.526154,IP,172.20.0.10.5001,>
2026-05-08,20:21:00.526156,IP,172.20.0.10.5001,>
2026-05-08,20:21:00.526249,IP,172.20.0.20.58066,>
2026-05-08,20:21:00.526311,IP,172.20.0.10.5001,>
2026-05-08,20:21:00.526314,IP,172.20.0.10.5001,>
2026-05-08,20:21:00.526254,IP,172.20.0.20.58066,>
2026-05-08,20:21:00.526397,IP,172.20.0.10.5001,>
2026-05-08,20:21:00.526394,IP,172.20.0.20.58066,>
2026-05-08,20:21:00.526460,IP,172.20.0.10.5001,>
2026-05-08,20:21:00.526576,IP,172.20.0.20.58066,>
2026-05-08,20:21:00.526765,IP,172.20.0.20.58066,>
2026-05-08,20:21:00.526891,IP,172.20.0.20.58066,>
2026-05-08,20:21:00.527066,IP,172.20.0.20.58066,>
2026-05-08,20:21:00.527102,IP,172.20.0.20.58066,>
2026-05-08,20:21:00.533811,IP,172.20.0.10.5001,>
2026-05-08,20:21:00.533874,IP,172.20.0.20.58066,>
2026-05-08,20:21:00.535029,IP,172.20.0.10.5001,>
2026-05-08,20:21:00.535101,IP,172.20.0.20.58066,>
2026-05-08,20:21:00.535115,IP,172.20.0.10.5001,>
2026-05-08,20:21:00.535163,IP,172.20.0.20.58066,>
2026-05-08,20:21:00.535587,IP,172.20.0.10.5001,>
2026-05-08,20:21:00.535676,IP,172.20.0.10.5001,>
2026-05-08,20:21:00.535734,IP,172.20.0.20.58066,>
2026-05-08,20:21:00.535739,IP,172.20.0.20.58066,>
2026-05-08,20:21:00.536324,IP,172.20.0.10.5001,>
2026-05-08,20:21:00.536407,IP,172.20.0.10.5001,>
2026-05-08,20:21:00.536464,IP,172.20.0.20.58066,>
2026-05-08,20:21:00.536501,IP,172.20.0.10.5001,>
2026-05-08,20:21:00.536470,IP,172.20.0.20.58066,>
2026-05-08,20:21:00.537519,IP,172.20.0.20.58066,>
2026-05-08,20:21:00.537916,IP,172.20.0.10.5001,>
2026-05-08,20:21:00.538005,IP,172.20.0.20.58066,>
2026-05-08,20:21:00.538010,IP,172.20.0.20.58066,>
2026-05-08,20:21:00.538061,IP,172.20.0.20.58066,>
2026-05-08,20:21:00.538096,IP,172.20.0.20.58066,>
2026-05-08,20:21:00.543897,IP,172.20.0.10.5001,>
2026-05-08,20:21:00.543938,IP,172.20.0.20.58066,>
2026-05-08,20:21:00.545124,IP,172.20.0.10.5001,>
2026-05-08,20:21:00.545171,IP,172.20.0.20.58066,>
2026-05-08,20:21:00.545267,IP,172.20.0.10.5001,>
2026-05-08,20:21:00.545306,IP,172.20.0.20.58066,>
2026-05-08,20:21:00.545835,IP,172.20.0.10.5001,>
2026-05-08,20:21:00.545935,IP,172.20.0.20.58066,>
2026-05-08,20:21:00.546047,IP,172.20.0.20.58066,>
2026-05-08,20:21:00.546511,IP,172.20.0.10.5001,>
2026-05-08,20:21:00.546582,IP,172.20.0.20.58066,>
2026-05-08,20:21:00.546598,IP,172.20.0.10.5001,>
2026-05-08,20:21:00.546619,IP,172.20.0.20.58066,>
2026-05-08,20:21:00.547566,IP,172.20.0.10.5001,>
2026-05-08,20:21:00.547729,IP,172.20.0.20.58066,>
2026-05-08,20:21:00.548083,IP,172.20.0.10.5001,>
2026-05-08,20:21:00.548123,IP,172.20.0.20.58066,>
2026-05-08,20:21:00.548126,IP,172.20.0.20.58066,>
2026-05-08,20:21:00.548176,IP,172.20.0.10.5001,>
2026-05-08,20:21:00.548209,IP,172.20.0.20.58066,>
2026-05-08,20:21:00.548212,IP,172.20.0.20.58066,>
2026-05-08,20:21:00.553985,IP,172.20.0.10.5001,>
2026-05-08,20:21:00.554036,IP,172.20.0.20.58066,>
2026-05-08,20:21:00.555194,IP,172.20.0.10.5001,>
2026-05-08,20:21:00.555248,IP,172.20.0.20.58066,>
2026-05-08,20:21:00.555375,IP,172.20.0.10.5001,>
2026-05-08,20:21:00.555416,IP,172.20.0.20.58066,>
2026-05-08,20:21:00.556042,IP,172.20.0.10.5001,>
2026-05-08,20:21:00.556169,IP,172.20.0.10.5001,>
2026-05-08,20:21:00.556204,IP,172.20.0.20.58066,>
2026-05-08,20:21:00.556208,IP,172.20.0.20.58066,>
2026-05-08,20:21:00.556801,IP,172.20.0.10.5001,>
2026-05-08,20:21:00.556865,IP,172.20.0.20.58066,>
2026-05-08,20:21:00.556871,IP,172.20.0.20.58066,>
2026-05-08,20:21:00.557801,IP,172.20.0.10.5001,>
2026-05-08,20:21:00.557847,IP,172.20.0.20.58066,>
2026-05-08,20:21:00.558165,IP,172.20.0.10.5001,>
2026-05-08,20:21:00.558200,IP,172.20.0.20.58066,>
2026-05-08,20:21:00.558321,IP,172.20.0.10.5001,>
2026-05-08,20:21:00.558355,IP,172.20.0.20.58066,>
2026-05-08,20:21:00.558359,IP,172.20.0.20.58066,>
2026-05-08,20:21:00.558363,IP,172.20.0.20.58066,>
2026-05-08,20:21:00.564077,IP,172.20.0.10.5001,>
2026-05-08,20:21:00.564139,IP,172.20.0.20.58066,>
2026-05-08,20:21:00.565276,IP,172.20.0.10.5001,>
2026-05-08,20:21:00.565329,IP,172.20.0.20.58066,>
2026-05-08,20:21:00.565589,IP,172.20.0.10.5001,>
2026-05-08,20:21:00.565632,IP,172.20.0.20.58066,>
2026-05-08,20:21:00.566260,IP,172.20.0.10.5001,>
2026-05-08,20:21:00.566332,IP,172.20.0.20.58066,>
2026-05-08,20:21:00.566347,IP,172.20.0.10.5001,>
2026-05-08,20:21:00.566371,IP,172.20.0.20.58066,>
2026-05-08,20:21:00.566983,IP,172.20.0.10.5001,>
2026-05-08,20:21:00.567029,IP,172.20.0.20.58066,>
2026-05-08,20:21:00.567033,IP,172.20.0.20.58066,>
2026-05-08,20:21:00.567871,IP,172.20.0.10.5001,>
2026-05-08,20:21:00.567921,IP,172.20.0.20.58066,>
2026-05-08,20:21:00.568291,IP,172.20.0.10.5001,>
2026-05-08,20:21:00.568335,IP,172.20.0.20.58066,>
2026-05-08,20:21:00.568412,IP,172.20.0.10.5001,>
2026-05-08,20:21:00.568473,IP,172.20.0.20.58066,>
2026-05-08,20:21:00.568491,IP,172.20.0.10.5001,>
2026-05-08,20:21:00.568516,IP,172.20.0.20.58066,>
2026-05-08,20:21:00.568520,IP,172.20.0.20.58066,>
2026-05-08,20:21:00.568557,IP,172.20.0.20.58066,>
2026-05-08,20:21:00.574184,IP,172.20.0.10.5001,>
2026-05-08,20:21:00.574275,IP,172.20.0.20.58066,>
2026-05-08,20:21:00.575597,IP,172.20.0.10.5001,>
2026-05-08,20:21:00.575656,IP,172.20.0.20.58066,>
2026-05-08,20:21:00.575694,IP,172.20.0.10.5001,>
2026-05-08,20:21:00.575732,IP,172.20.0.20.58066,>
2026-05-08,20:21:00.576396,IP,172.20.0.10.5001,>
2026-05-08,20:21:00.576454,IP,172.20.0.20.58066,>
2026-05-08,20:21:00.576483,IP,172.20.0.10.5001,>
2026-05-08,20:21:00.576516,IP,172.20.0.20.58066,>
2026-05-08,20:21:00.577114,IP,172.20.0.10.5001,>
2026-05-08,20:21:00.577162,IP,172.20.0.20.58066,>
2026-05-08,20:21:00.577166,IP,172.20.0.20.58066,>
2026-05-08,20:21:00.577945,IP,172.20.0.10.5001,>
2026-05-08,20:21:00.578008,IP,172.20.0.20.58066,>
2026-05-08,20:21:00.578378,IP,172.20.0.10.5001,>
2026-05-08,20:21:00.578419,IP,172.20.0.20.58066,>
2026-05-08,20:21:00.578538,IP,172.20.0.10.5001,>
2026-05-08,20:21:00.578578,IP,172.20.0.20.58066,>
2026-05-08,20:21:00.578623,IP,172.20.0.10.5001,>
2026-05-08,20:21:00.578743,IP,172.20.0.20.58066,>
2026-05-08,20:21:00.578783,IP,172.20.0.20.58066,>
2026-05-08,20:21:00.578812,IP,172.20.0.20.58066,>
2026-05-08,20:21:00.584309,IP,172.20.0.10.5001,>
2026-05-08,20:21:00.584382,IP,172.20.0.20.58066,>
2026-05-08,20:21:00.585466,IP,172.20.0.20.58066,>
2026-05-08,20:21:00.585691,IP,172.20.0.10.5001,>
2026-05-08,20:21:00.585801,IP,172.20.0.10.5001,>
2026-05-08,20:21:00.586505,IP,172.20.0.20.58066,>
2026-05-08,20:21:00.586663,IP,172.20.0.10.5001,>
2026-05-08,20:21:00.586741,IP,172.20.0.20.58066,>
2026-05-08,20:21:00.586748,IP,172.20.0.20.58066,>
2026-05-08,20:21:00.587374,IP,172.20.0.10.5001,>
2026-05-08,20:21:00.587450,IP,172.20.0.20.58066,>
2026-05-08,20:21:00.587457,IP,172.20.0.20.58066,>
2026-05-08,20:21:00.588207,IP,172.20.0.10.5001,>
2026-05-08,20:21:00.588273,IP,172.20.0.20.58066,>
2026-05-08,20:21:00.588500,IP,172.20.0.10.5001,>
2026-05-08,20:21:00.588565,IP,172.20.0.20.58066,>
2026-05-08,20:21:00.588632,IP,172.20.0.10.5001,>
2026-05-08,20:21:00.588685,IP,172.20.0.20.58066,>
2026-05-08,20:21:00.588843,IP,172.20.0.10.5001,>
2026-05-08,20:21:00.588989,IP,172.20.0.20.58066,>
2026-05-08,20:21:00.588999,IP,172.20.0.20.58066,>
2026-05-08,20:21:00.589043,IP,172.20.0.10.5001,>
2026-05-08,20:21:00.589103,IP,172.20.0.20.58066,>
2026-05-08,20:21:00.594437,IP,172.20.0.10.5001,>
2026-05-08,20:21:00.594545,IP,172.20.0.20.58066,>
2026-05-08,20:21:00.595512,IP,172.20.0.10.5001,>
2026-05-08,20:21:00.595605,IP,172.20.0.20.58066,>
2026-05-08,20:21:00.596941,IP,172.20.0.10.5001,>
2026-05-08,20:21:00.597047,IP,172.20.0.20.58066,>
2026-05-08,20:21:00.597053,IP,172.20.0.20.58066,>
2026-05-08,20:21:00.597099,IP,172.20.0.20.58066,>
2026-05-08,20:21:00.597588,IP,172.20.0.10.5001,>
2026-05-08,20:21:00.597677,IP,172.20.0.20.58066,>
2026-05-08,20:21:00.597683,IP,172.20.0.20.58066,>
2026-05-08,20:21:00.598320,IP,172.20.0.10.5001,>
2026-05-08,20:21:00.598427,IP,172.20.0.20.58066,>
2026-05-08,20:21:00.598734,IP,172.20.0.10.5001,>
2026-05-08,20:21:00.598802,IP,172.20.0.20.58066,>
2026-05-08,20:21:00.599149,IP,172.20.0.10.5001,>
2026-05-08,20:21:00.599222,IP,172.20.0.20.58066,>
2026-05-08,20:21:00.599228,IP,172.20.0.20.58066,>
2026-05-08,20:21:00.599234,IP,172.20.0.20.58066,>
2026-05-08,20:21:00.599278,IP,172.20.0.20.58066,>
2026-05-08,20:21:00.599331,IP,172.20.0.20.58066,>
2026-05-08,20:21:00.605659,IP,172.20.0.10.5001,>
2026-05-08,20:21:00.605669,IP,172.20.0.10.5001,>
2026-05-08,20:21:00.606383,IP,172.20.0.20.58066,>
2026-05-08,20:21:00.607147,IP,172.20.0.10.5001,>
2026-05-08,20:21:00.607153,IP,172.20.0.10.5001,>
2026-05-08,20:21:00.607362,IP,172.20.0.20.58066,>
2026-05-08,20:21:00.607404,IP,172.20.0.20.58066,>
2026-05-08,20:21:00.608101,IP,172.20.0.10.5001,>
2026-05-08,20:21:00.608337,IP,172.20.0.20.58066,>
2026-05-08,20:21:00.608371,IP,172.20.0.20.58066,>
2026-05-08,20:21:00.608524,IP,172.20.0.10.5001,>
2026-05-08,20:21:00.608591,IP,172.20.0.20.58066,>
2026-05-08,20:21:00.608868,IP,172.20.0.10.5001,>
2026-05-08,20:21:00.608934,IP,172.20.0.20.58066,>
2026-05-08,20:21:00.609273,IP,172.20.0.10.5001,>
2026-05-08,20:21:00.609353,IP,172.20.0.20.58066,>
2026-05-08,20:21:00.609414,IP,172.20.0.10.5001,>
2026-05-08,20:21:00.609566,IP,172.20.0.20.58066,>
2026-05-08,20:21:00.609572,IP,172.20.0.20.58066,>
2026-05-08,20:21:00.609578,IP,172.20.0.20.58066,>
2026-05-08,20:21:00.609621,IP,172.20.0.20.58066,>
2026-05-08,20:21:00.616419,IP,172.20.0.10.5001,>
2026-05-08,20:21:00.616519,IP,172.20.0.20.58066,>
2026-05-08,20:21:00.619172,IP,172.20.0.10.5001,>
2026-05-08,20:21:00.619258,IP,172.20.0.20.58066,>
2026-05-08,20:21:00.619265,IP,172.20.0.20.58066,>
2026-05-08,20:21:00.619271,IP,172.20.0.20.58066,>
2026-05-08,20:21:00.619367,IP,172.20.0.20.58066,>
2026-05-08,20:21:00.619405,IP,172.20.0.20.58066,>
2026-05-08,20:21:00.619431,IP,172.20.0.20.58066,>
2026-05-08,20:21:00.619726,IP,172.20.0.10.5001,>
2026-05-08,20:21:00.619797,IP,172.20.0.20.58066,>
2026-05-08,20:21:00.619803,IP,172.20.0.20.58066,>
2026-05-08,20:21:00.619809,IP,172.20.0.20.58066,>
2026-05-08,20:21:00.619891,IP,172.20.0.20.58066,>
2026-05-08,20:21:00.619926,IP,172.20.0.20.58066,>
2026-05-08,20:21:00.619980,IP,172.20.0.20.58066,>
2026-05-08,20:21:00.626588,IP,172.20.0.10.5001,>
2026-05-08,20:21:00.626696,IP,172.20.0.20.58066,>
2026-05-08,20:21:00.629424,IP,172.20.0.10.5001,>
2026-05-08,20:21:00.629785,IP,172.20.0.20.58066,>
2026-05-08,20:21:00.629808,IP,172.20.0.10.5001,>
2026-05-08,20:21:00.629852,IP,172.20.0.20.58066,>
2026-05-08,20:21:00.629858,IP,172.20.0.20.58066,>
2026-05-08,20:21:00.629892,IP,172.20.0.20.58066,>
2026-05-08,20:21:00.630137,IP,172.20.0.10.5001,>
2026-05-08,20:21:00.630143,IP,172.20.0.10.5001,>
2026-05-08,20:21:00.630144,IP,172.20.0.10.5001,>
2026-05-08,20:21:00.630810,IP,172.20.0.20.58066,>
2026-05-08,20:21:00.630822,IP,172.20.0.20.58066,>
2026-05-08,20:21:00.630909,IP,172.20.0.20.58066,>
2026-05-08,20:21:00.630989,IP,172.20.0.20.58066,>
2026-05-08,20:21:00.631017,IP,172.20.0.20.58066,>
2026-05-08,20:21:00.631042,IP,172.20.0.20.58066,>
2026-05-08,20:21:00.631068,IP,172.20.0.20.58066,>
2026-05-08,20:21:00.631092,IP,172.20.0.20.58066,>
2026-05-08,20:21:00.636744,IP,172.20.0.10.5001,>
2026-05-08,20:21:00.636819,IP,172.20.0.20.58066,>
2026-05-08,20:21:00.639829,IP,172.20.0.10.5001,>
2026-05-08,20:21:00.639903,IP,172.20.0.20.58066,>
2026-05-08,20:21:00.643261,IP,172.20.0.10.5001,>
2026-05-08,20:21:00.643344,IP,172.20.0.20.58066,>
2026-05-08,20:21:00.643354,IP,172.20.0.20.58066,>
2026-05-08,20:21:00.643464,IP,172.20.0.20.58066,>
2026-05-08,20:21:00.643527,IP,172.20.0.20.58066,>
2026-05-08,20:21:00.643555,IP,172.20.0.20.58066,>
2026-05-08,20:21:00.643581,IP,172.20.0.20.58066,>
2026-05-08,20:21:00.643607,IP,172.20.0.20.58066,>
2026-05-08,20:21:00.643630,IP,172.20.0.20.58066,>
2026-05-08,20:21:00.643655,IP,172.20.0.20.58066,>
2026-05-08,20:21:00.643680,IP,172.20.0.20.58066,>
2026-05-08,20:21:00.643705,IP,172.20.0.20.58066,>
2026-05-08,20:21:00.644519,IP,172.20.0.20.58066,>
2026-05-08,20:21:00.646854,IP,172.20.0.10.5001,>
2026-05-08,20:21:00.646922,IP,172.20.0.20.58066,>
2026-05-08,20:21:00.649938,IP,172.20.0.10.5001,>
2026-05-08,20:21:00.650025,IP,172.20.0.20.58066,>
2026-05-08,20:21:00.653390,IP,172.20.0.10.5001,>
2026-05-08,20:21:00.653458,IP,172.20.0.20.58066,>
2026-05-08,20:21:00.653576,IP,172.20.0.10.5001,>
2026-05-08,20:21:00.653675,IP,172.20.0.20.58066,>
2026-05-08,20:21:00.653681,IP,172.20.0.20.58066,>
2026-05-08,20:21:00.653713,IP,172.20.0.10.5001,>
2026-05-08,20:21:00.653775,IP,172.20.0.20.58066,>
2026-05-08,20:21:00.653781,IP,172.20.0.20.58066,>
2026-05-08,20:21:00.653804,IP,172.20.0.20.58066,>
2026-05-08,20:21:00.653811,IP,172.20.0.10.5001,>
2026-05-08,20:21:00.653841,IP,172.20.0.20.58066,>
2026-05-08,20:21:00.653938,IP,172.20.0.20.58066,>
2026-05-08,20:21:00.653945,IP,172.20.0.20.58066,>
2026-05-08,20:21:00.654025,IP,172.20.0.20.58066,>
2026-05-08,20:21:00.654031,IP,172.20.0.20.58066,>
2026-05-08,20:21:00.654565,IP,172.20.0.10.5001,>
2026-05-08,20:21:00.655116,IP,172.20.0.20.58066,>
2026-05-08,20:21:00.657000,IP,172.20.0.10.5001,>
2026-05-08,20:21:00.657097,IP,172.20.0.20.58066,>
2026-05-08,20:21:00.660069,IP,172.20.0.10.5001,>
2026-05-08,20:21:00.660134,IP,172.20.0.20.58066,>
2026-05-08,20:21:00.661209,IP,172.20.0.20.58066,>
2026-05-08,20:21:00.663493,IP,172.20.0.10.5001,>
2026-05-08,20:21:00.663566,IP,172.20.0.20.58066,>
2026-05-08,20:21:00.663943,IP,172.20.0.10.5001,>
2026-05-08,20:21:00.664046,IP,172.20.0.20.58066,>
2026-05-08,20:21:00.664052,IP,172.20.0.20.58066,>
2026-05-08,20:21:00.664121,IP,172.20.0.10.5001,>
2026-05-08,20:21:00.664128,IP,172.20.0.20.58066,>
2026-05-08,20:21:00.664164,IP,172.20.0.20.58066,>
2026-05-08,20:21:00.664172,IP,172.20.0.10.5001,>
2026-05-08,20:21:00.664191,IP,172.20.0.20.58066,>
2026-05-08,20:21:00.664228,IP,172.20.0.20.58066,>
2026-05-08,20:21:00.664256,IP,172.20.0.20.58066,>
2026-05-08,20:21:00.664279,IP,172.20.0.20.58066,>
2026-05-08,20:21:00.664309,IP,172.20.0.20.58066,>
2026-05-08,20:21:00.665155,IP,172.20.0.10.5001,>
2026-05-08,20:21:00.665261,IP,172.20.0.20.58066,>
2026-05-08,20:21:00.667132,IP,172.20.0.10.5001,>
2026-05-08,20:21:00.667199,IP,172.20.0.20.58066,>
2026-05-08,20:21:00.671249,IP,172.20.0.10.5001,>
2026-05-08,20:21:00.671318,IP,172.20.0.20.58066,>
2026-05-08,20:21:00.673606,IP,172.20.0.10.5001,>
2026-05-08,20:21:00.673698,IP,172.20.0.20.58066,>
2026-05-08,20:21:00.674293,IP,172.20.0.10.5001,>
2026-05-08,20:21:00.674653,IP,172.20.0.20.58066,>
2026-05-08,20:21:00.674660,IP,172.20.0.20.58066,>
2026-05-08,20:21:00.674722,IP,172.20.0.20.58066,>
2026-05-08,20:21:00.674666,IP,172.20.0.20.58066,>
2026-05-08,20:21:00.674746,IP,172.20.0.20.58066,>
2026-05-08,20:21:00.674760,IP,172.20.0.10.5001,>
2026-05-08,20:21:00.674766,IP,172.20.0.20.58066,>
2026-05-08,20:21:00.674821,IP,172.20.0.20.58066,>
2026-05-08,20:21:00.674827,IP,172.20.0.20.58066,>
2026-05-08,20:21:00.674833,IP,172.20.0.20.58066,>
2026-05-08,20:21:00.675351,IP,172.20.0.10.5001,>
2026-05-08,20:21:00.675453,IP,172.20.0.20.58066,>
2026-05-08,20:21:00.676460,IP,172.20.0.20.58066,>
2026-05-08,20:21:00.677779,IP,172.20.0.10.5001,>
2026-05-08,20:21:00.677933,IP,172.20.0.20.58066,>
2026-05-08,20:21:00.681361,IP,172.20.0.10.5001,>
2026-05-08,20:21:00.681506,IP,172.20.0.20.58066,>
2026-05-08,20:21:00.683734,IP,172.20.0.10.5001,>
2026-05-08,20:21:00.683812,IP,172.20.0.20.58066,>
2026-05-08,20:21:00.685268,IP,172.20.0.10.5001,>
2026-05-08,20:21:00.685276,IP,172.20.0.10.5001,>
2026-05-08,20:21:00.685278,IP,172.20.0.10.5001,>
2026-05-08,20:21:00.685280,IP,172.20.0.10.5001,>
2026-05-08,20:21:00.685281,IP,172.20.0.10.5001,>
2026-05-08,20:21:00.685424,IP,172.20.0.20.58066,>
2026-05-08,20:21:00.685447,IP,172.20.0.20.58066,>
2026-05-08,20:21:00.685430,IP,172.20.0.20.58066,>
2026-05-08,20:21:00.685488,IP,172.20.0.20.58066,>
2026-05-08,20:21:00.685511,IP,172.20.0.20.58066,>
2026-05-08,20:21:00.685526,IP,172.20.0.20.58066,>
2026-05-08,20:21:00.685546,IP,172.20.0.20.58066,>
2026-05-08,20:21:00.685584,IP,172.20.0.20.58066,>
2026-05-08,20:21:00.685590,IP,172.20.0.10.5001,>
2026-05-08,20:21:00.685603,IP,172.20.0.20.58066,>
2026-05-08,20:21:00.685663,IP,172.20.0.20.58066,>
2026-05-08,20:21:00.686498,IP,172.20.0.10.5001,>
2026-05-08,20:21:00.686701,IP,172.20.0.20.58066,>
2026-05-08,20:21:00.686803,IP,172.20.0.20.58066,>
2026-05-08,20:21:00.687841,IP,172.20.0.20.58066,>
2026-05-08,20:21:00.687974,IP,172.20.0.10.5001,>
2026-05-08,20:21:00.688884,IP,172.20.0.20.58066,>
2026-05-08,20:21:00.691537,IP,172.20.0.10.5001,>
2026-05-08,20:21:00.691579,IP,172.20.0.20.58066,>
2026-05-08,20:21:00.693835,IP,172.20.0.10.5001,>
2026-05-08,20:21:00.693889,IP,172.20.0.20.58066,>
2026-05-08,20:21:00.695478,IP,172.20.0.10.5001,>
2026-05-08,20:21:00.695523,IP,172.20.0.20.58066,>
2026-05-08,20:21:00.695542,IP,172.20.0.10.5001,>
2026-05-08,20:21:00.695575,IP,172.20.0.20.58066,>
2026-05-08,20:21:00.695602,IP,172.20.0.10.5001,>
2026-05-08,20:21:00.695628,IP,172.20.0.20.58066,>
2026-05-08,20:21:00.695631,IP,172.20.0.20.58066,>
2026-05-08,20:21:00.695661,IP,172.20.0.20.58066,>
2026-05-08,20:21:00.695771,IP,172.20.0.10.5001,>
2026-05-08,20:21:00.695813,IP,172.20.0.20.58066,>
2026-05-08,20:21:00.695816,IP,172.20.0.20.58066,>
2026-05-08,20:21:00.695819,IP,172.20.0.20.58066,>
2026-05-08,20:21:00.695860,IP,172.20.0.20.58066,>
2026-05-08,20:21:00.696721,IP,172.20.0.10.5001,>
2026-05-08,20:21:00.696889,IP,172.20.0.20.58066,>
2026-05-08,20:21:00.697245,IP,172.20.0.10.5001,>
2026-05-08,20:21:00.697880,IP,172.20.0.10.5001,>
2026-05-08,20:21:00.697922,IP,172.20.0.20.58066,>
2026-05-08,20:21:00.698904,IP,172.20.0.10.5001,>
2026-05-08,20:21:00.698938,IP,172.20.0.20.58066,>
2026-05-08,20:21:00.700023,IP,172.20.0.20.58066,>
2026-05-08,20:21:00.701601,IP,172.20.0.10.5001,>
2026-05-08,20:21:00.701641,IP,172.20.0.20.58066,>
2026-05-08,20:21:00.703917,IP,172.20.0.10.5001,>
2026-05-08,20:21:00.704053,IP,172.20.0.20.58066,>
2026-05-08,20:21:00.705588,IP,172.20.0.10.5001,>
2026-05-08,20:21:00.705644,IP,172.20.0.20.58066,>
2026-05-08,20:21:00.705745,IP,172.20.0.10.5001,>
2026-05-08,20:21:00.705858,IP,172.20.0.20.58066,>
2026-05-08,20:21:00.705887,IP,172.20.0.10.5001,>
2026-05-08,20:21:00.705876,IP,172.20.0.20.58066,>
2026-05-08,20:21:00.705928,IP,172.20.0.20.58066,>
2026-05-08,20:21:00.705932,IP,172.20.0.20.58066,>
2026-05-08,20:21:00.706021,IP,172.20.0.20.58066,>
2026-05-08,20:21:00.706028,IP,172.20.0.20.58066,>
2026-05-08,20:21:00.706078,IP,172.20.0.10.5001,>
2026-05-08,20:21:00.706081,IP,172.20.0.20.58066,>
2026-05-08,20:21:00.706109,IP,172.20.0.20.58066,>
2026-05-08,20:21:00.706922,IP,172.20.0.10.5001,>
2026-05-08,20:21:00.707003,IP,172.20.0.20.58066,>
2026-05-08,20:21:00.707975,IP,172.20.0.10.5001,>
2026-05-08,20:21:00.708020,IP,172.20.0.20.58066,>
2026-05-08,20:21:00.708981,IP,172.20.0.10.5001,>
2026-05-08,20:21:00.709040,IP,172.20.0.20.58066,>
2026-05-08,20:21:00.710056,IP,172.20.0.10.5001,>
2026-05-08,20:21:00.710112,IP,172.20.0.20.58066,>
2026-05-08,20:21:00.711736,IP,172.20.0.10.5001,>
2026-05-08,20:21:00.711793,IP,172.20.0.20.58066,>
2026-05-08,20:21:00.712819,IP,172.20.0.20.58066,>
2026-05-08,20:21:00.714081,IP,172.20.0.10.5001,>
2026-05-08,20:21:00.714147,IP,172.20.0.20.58066,>
2026-05-08,20:21:00.715790,IP,172.20.0.10.5001,>
2026-05-08,20:21:00.715857,IP,172.20.0.20.58066,>
2026-05-08,20:21:00.716475,IP,172.20.0.10.5001,>
2026-05-08,20:21:00.716548,IP,172.20.0.20.58066,>
2026-05-08,20:21:00.716555,IP,172.20.0.20.58066,>
2026-05-08,20:21:00.716625,IP,172.20.0.20.58066,>
2026-05-08,20:21:00.716631,IP,172.20.0.20.58066,>
2026-05-08,20:21:00.716674,IP,172.20.0.20.58066,>
2026-05-08,20:21:00.716681,IP,172.20.0.20.58066,>
2026-05-08,20:21:00.716722,IP,172.20.0.20.58066,>
2026-05-08,20:21:00.717043,IP,172.20.0.10.5001,>
2026-05-08,20:21:00.717096,IP,172.20.0.20.58066,>
2026-05-08,20:21:00.718060,IP,172.20.0.10.5001,>
2026-05-08,20:21:00.718116,IP,172.20.0.20.58066,>
2026-05-08,20:21:00.719080,IP,172.20.0.10.5001,>
2026-05-08,20:21:00.719137,IP,172.20.0.20.58066,>
2026-05-08,20:21:00.720139,IP,172.20.0.10.5001,>
2026-05-08,20:21:00.720192,IP,172.20.0.20.58066,>
2026-05-08,20:21:00.721876,IP,172.20.0.10.5001,>
2026-05-08,20:21:00.721939,IP,172.20.0.20.58066,>
2026-05-08,20:21:00.722891,IP,172.20.0.10.5001,>
2026-05-08,20:21:00.722968,IP,172.20.0.20.58066,>
2026-05-08,20:21:00.724209,IP,172.20.0.10.5001,>
2026-05-08,20:21:00.724311,IP,172.20.0.20.58066,>
2026-05-08,20:21:00.725993,IP,172.20.0.10.5001,>
2026-05-08,20:21:00.726070,IP,172.20.0.20.58066,>
2026-05-08,20:21:00.726635,IP,172.20.0.10.5001,>
2026-05-08,20:21:00.726698,IP,172.20.0.20.58066,>
2026-05-08,20:21:00.726797,IP,172.20.0.10.5001,>
2026-05-08,20:21:00.726862,IP,172.20.0.20.58066,>
2026-05-08,20:21:00.726867,IP,172.20.0.20.58066,>
2026-05-08,20:21:00.726926,IP,172.20.0.20.58066,>
2026-05-08,20:21:00.726930,IP,172.20.0.20.58066,>
2026-05-08,20:21:00.727073,IP,172.20.0.20.58066,>
2026-05-08,20:21:00.727077,IP,172.20.0.20.58066,>
2026-05-08,20:21:00.727152,IP,172.20.0.10.5001,>
2026-05-08,20:21:00.727192,IP,172.20.0.20.58066,>
2026-05-08,20:21:00.728152,IP,172.20.0.10.5001,>
2026-05-08,20:21:00.728208,IP,172.20.0.20.58066,>
2026-05-08,20:21:00.729173,IP,172.20.0.10.5001,>
2026-05-08,20:21:00.729227,IP,172.20.0.20.58066,>
2026-05-08,20:21:00.730215,IP,172.20.0.10.5001,>
2026-05-08,20:21:00.730259,IP,172.20.0.20.58066,>
2026-05-08,20:21:00.731985,IP,172.20.0.10.5001,>
2026-05-08,20:21:00.732034,IP,172.20.0.20.58066,>
2026-05-08,20:21:00.732996,IP,172.20.0.10.5001,>
2026-05-08,20:21:00.733042,IP,172.20.0.20.58066,>
2026-05-08,20:21:00.734363,IP,172.20.0.10.5001,>
2026-05-08,20:21:00.734420,IP,172.20.0.20.58066,>
2026-05-08,20:21:00.736116,IP,172.20.0.10.5001,>
2026-05-08,20:21:00.736163,IP,172.20.0.20.58066,>
2026-05-08,20:21:00.736817,IP,172.20.0.10.5001,>
2026-05-08,20:21:00.736871,IP,172.20.0.20.58066,>
2026-05-08,20:21:00.737274,IP,172.20.0.10.5001,>
2026-05-08,20:21:00.737330,IP,172.20.0.20.58066,>
2026-05-08,20:21:00.737334,IP,172.20.0.20.58066,>
2026-05-08,20:21:00.737338,IP,172.20.0.20.58066,>
2026-05-08,20:21:00.737406,IP,172.20.0.20.58066,>
2026-05-08,20:21:00.737410,IP,172.20.0.20.58066,>
2026-05-08,20:21:00.737454,IP,172.20.0.20.58066,>
2026-05-08,20:21:00.737458,IP,172.20.0.20.58066,>
2026-05-08,20:21:00.738244,IP,172.20.0.10.5001,>
2026-05-08,20:21:00.738288,IP,172.20.0.20.58066,>
2026-05-08,20:21:00.739259,IP,172.20.0.10.5001,>
2026-05-08,20:21:00.739299,IP,172.20.0.20.58066,>
2026-05-08,20:21:00.740283,IP,172.20.0.10.5001,>
2026-05-08,20:21:00.740326,IP,172.20.0.20.58066,>
2026-05-08,20:21:00.742064,IP,172.20.0.10.5001,>
2026-05-08,20:21:00.742109,IP,172.20.0.20.58066,>
2026-05-08,20:21:00.743075,IP,172.20.0.10.5001,>
2026-05-08,20:21:00.743137,IP,172.20.0.20.58066,>
2026-05-08,20:21:00.744451,IP,172.20.0.10.5001,>
2026-05-08,20:21:00.744480,IP,172.20.0.20.58066,>
2026-05-08,20:21:00.746968,IP,172.20.0.10.5001,>
2026-05-08,20:21:00.747016,IP,172.20.0.20.58066,>
2026-05-08,20:21:00.747419,IP,172.20.0.10.5001,>
2026-05-08,20:21:00.747472,IP,172.20.0.20.58066,>
2026-05-08,20:21:00.747477,IP,172.20.0.20.58066,>
2026-05-08,20:21:00.747537,IP,172.20.0.20.58066,>
2026-05-08,20:21:00.747563,IP,172.20.0.10.5001,>
2026-05-08,20:21:00.747655,IP,172.20.0.20.58066,>
2026-05-08,20:21:00.747661,IP,172.20.0.20.58066,>
2026-05-08,20:21:00.747667,IP,172.20.0.20.58066,>
2026-05-08,20:21:00.747734,IP,172.20.0.20.58066,>
2026-05-08,20:21:00.748332,IP,172.20.0.10.5001,>
2026-05-08,20:21:00.748431,IP,172.20.0.20.58066,>
2026-05-08,20:21:00.749343,IP,172.20.0.10.5001,>
2026-05-08,20:21:00.749408,IP,172.20.0.20.58066,>
2026-05-08,20:21:00.750360,IP,172.20.0.10.5001,>
2026-05-08,20:21:00.750432,IP,172.20.0.20.58066,>
2026-05-08,20:21:00.752148,IP,172.20.0.10.5001,>
2026-05-08,20:21:00.752210,IP,172.20.0.20.58066,>
2026-05-08,20:21:00.753169,IP,172.20.0.10.5001,>
2026-05-08,20:21:00.753227,IP,172.20.0.20.58066,>
2026-05-08,20:21:00.754549,IP,172.20.0.10.5001,>
2026-05-08,20:21:00.754618,IP,172.20.0.20.58066,>
2026-05-08,20:21:00.757168,IP,172.20.0.10.5001,>
2026-05-08,20:21:00.757249,IP,172.20.0.20.58066,>
2026-05-08,20:21:00.757531,IP,172.20.0.10.5001,>
2026-05-08,20:21:00.757614,IP,172.20.0.10.5001,>
2026-05-08,20:21:00.757665,IP,172.20.0.20.58066,>
2026-05-08,20:21:00.757912,IP,172.20.0.10.5001,>
2026-05-08,20:21:00.758059,IP,172.20.0.20.58066,>
2026-05-08,20:21:00.758065,IP,172.20.0.20.58066,>
2026-05-08,20:21:00.758071,IP,172.20.0.20.58066,>
2026-05-08,20:21:00.758173,IP,172.20.0.20.58066,>
2026-05-08,20:21:00.758179,IP,172.20.0.20.58066,>
2026-05-08,20:21:00.758567,IP,172.20.0.10.5001,>
2026-05-08,20:21:00.758625,IP,172.20.0.20.58066,>
2026-05-08,20:21:00.759475,IP,172.20.0.10.5001,>
2026-05-08,20:21:00.759539,IP,172.20.0.20.58066,>
2026-05-08,20:21:00.760478,IP,172.20.0.10.5001,>
2026-05-08,20:21:00.760534,IP,172.20.0.20.58066,>
2026-05-08,20:21:00.762274,IP,172.20.0.10.5001,>
2026-05-08,20:21:00.762342,IP,172.20.0.20.58066,>
2026-05-08,20:21:00.763314,IP,172.20.0.10.5001,>
2026-05-08,20:21:00.763380,IP,172.20.0.20.58066,>
2026-05-08,20:21:00.764680,IP,172.20.0.10.5001,>
2026-05-08,20:21:00.764781,IP,172.20.0.20.58066,>
2026-05-08,20:21:00.767358,IP,172.20.0.10.5001,>
2026-05-08,20:21:00.767433,IP,172.20.0.20.58066,>
2026-05-08,20:21:00.767744,IP,172.20.0.10.5001,>
2026-05-08,20:21:00.768368,IP,172.20.0.10.5001,>
2026-05-08,20:21:00.768448,IP,172.20.0.20.58066,>
2026-05-08,20:21:00.768454,IP,172.20.0.20.58066,>
2026-05-08,20:21:00.768535,IP,172.20.0.20.58066,>
2026-05-08,20:21:00.768541,IP,172.20.0.20.58066,>
2026-05-08,20:21:00.768589,IP,172.20.0.20.58066,>
2026-05-08,20:21:00.768705,IP,172.20.0.10.5001,>
